
[
  {
      "id":"1",
       "Category": "Accounting"

    },
    {
      "id":"2",
       "Category": "Interior Design"
    },
    {
      "id":"3",
       "Category": "Bank"
    },
    {
      "id":"4",
       "Category": "Content Writing"
    },  {
      "id":"5",
       "Category": "Consultant"
    },
    {
      "id":"6",
       "Category": "Engineering"
    },
    {
      "id":"7",
       "Category": "Export Import"
    },
    {
      "id":"8",
       "Category": "Merchandiser"
    },
    {
      "id":"9",
       "Category": "Security"
    },
    {
      "id":"10", 
      "Category": "HR"
    },
    {
      "id":"11", 
      "Category": "Hotel"
    },
    {
      "id":"12", 
      "Category": "Application Programming"
    },
    {
      "id":"13", 
      "Category": "Client Server"
    },
    {
      "id":"14", 
      "Category": "DBA"
    },
    {
      "id":"15", 
      "Category": "Ecommerce"
    },
    {
      "id":"16", 
      "Category": "ERP"
    },
    {
      "id":"17", 
      "Category": "VLSI"
    },
    {
      "id":"18", 
      "Category": "Mainframe"
    },
    {
      "id":"19", 
      "Category": "Middleware"
    },
    {
      "id":"20", 
      "Category": "Mobile"
    },
    {
      "id":"21", 
      "Category": "Network administrator"
    },
    {
      "id":"22", 
      "Category": "IT"
    },
    {
      "id":"23", 
      "Category": "Testing"
    },
    {
      "id":"24", 
      "Category": "System Programming"
    },
    {
      "id":"25", 
      "Category": "EDP"
    },
    {
      "id":"26", 
      "Category": "Telecom Software"
    },
    {
      "id":"27", 
      "Category": "Telecom"
    },
    {
      "id":"28", 
      "Category": "BPO"
    },
    {
      "id":"29", 
      "Category": "Legal"
    },
    {
      "id":"30", 
      "Category": "Marketing"
    },
    {
      "id":"31", 
      "Category": "Packaging"
    },
    {
      "id":"32", 
      "Category": "Pharma"
    },
    {
      "id":"33", 
      "Category": "Maintenance"
    },
    {
      "id":"34", 
      "Category": "Logistics"
    },
    {
      "id":"35", 
      "Category": "Sales"
    },
    {
      "id":"36", 
      "Category": "Secretary"
    },{
      "id":"37", 
      "Category": "Corporate Planning"
    },
    {
      "id":"38", 
      "Category": "Site Engineering"
    },
    {
      "id":"39", 
      "Category": "Film"
    },
    {
      "id":"40", 
      "Category": "Teacher"
    },
    {
      "id":"41", 
      "Category": "Airline"
    },
    {
      "id":"42", 
      "Category": "Graphic Designer"
    },
    {
      "id":"43", 
      "Category": "Shipping"
    },
    {
      "id":"44", 
      "Category": "Analytics"
    },
    {
      "id":"45", 
      "Category": "Business Intelligence"
    },
    {
      "id":"46", 
      "Category": "Accounting"
    },
    {
      "id":"47", 
      "Category": "Advertising"
    },
    {
      "id":"48", 
      "Category": "Agriculture"
    },
    {
      "id":"49", 
      "Category": "Animation"
    },
    {
      "id":"50", 
      "Category": "Architecture"
    },
    {
      "id":"51", 
      "Category": "Automobile"
    },
    {
      "id":"52", 
      "Category": "Aviation"
    },
    {
      "id":"53", 
      "Category": "BPO"
    },
    {
      "id":"54", 
      "Category": "Bank"
    },
    {
      "id":"55", 
      "Category": "Brewery"
    },
    {
      "id":"56", 
      "Category": "Sanitary"
    },
    {
      "id":"57", 
      "Category": "Chemical"
    },
    {
      "id":"58", 
      "Category": "Engineering"
    },
    {
      "id":"59", 
      "Category": "Consumer Durables"
    },
    {
      "id":"60", 
      "Category": "Courier"
    },
    {
      "id":"61", 
      "Category": "Defence"
    },
    {
      "id":"62", 
      "Category": "Teacher"
    },
    {
      "id":"63", 
      "Category": "Electrical"
    },
    {
      "id":"64", 
      "Category": "Export Import"
    },
    {
      "id":"65", 
      "Category": "FMCG"
    },
    {
      "id":"66", 
      "Category": "Facility Management"
    },
    {
      "id":"67", 
      "Category": "Fertilizers"
    },
    {
      "id":"68", 
      "Category": "Food Processing"
    },
    {
      "id":"69", 
      "Category": "Fresher"
    },
    
    {
      "id":"70", 
      "Category": "Gems Jewellery"
    },
    
    {
      "id":"71", 
      "Category": "Glass"
    },
    {
      "id":"72", 
      "Category": "Air Conditioning"
    },
    
    {
      "id":"73", 
      "Category": "Airline"
    },
    {
      "id":"74", 
      "Category": "Networking"
    },
    {
      "id":"75", 
      "Category": "IT"
    },
    {
      "id":"76", 
      "Category": "Industrial"
    },
    {
      "id":"77", 
      "Category": "Insurance"
    },
    {
      "id":"78", 
      "Category": "KPO"
    },
    {
      "id":"79", 
      "Category": "Legal"
    },
    {
      "id":"80", 
      "Category": "Media"
    },
    {
      "id":"81", 
      "Category": "Dotcom"
    },
    {
      "id":"82", 
      "Category": "Entertainment"
    },
    {
      "id":"83", 
      "Category": "Medical"
    },
    {
      "id":"84", 
      "Category": "Mining"
    },
    {
      "id":"85", 
      "Category": "NGO"
    },
    {
      "id":"86", 
      "Category": "Automation"
    },
    {
      "id":"87", 
      "Category": "Oil and Gas"
    },
    {
      "id":"88", 
      "Category": "Paper"
    },
    {
      "id":"89", 
      "Category": "Pharma"
    },
    {
      "id":"90", 
      "Category": "Printing"
    },
    {
      "id":"91", 
      "Category": "Publishing"
    },
    {
      "id":"92", 
      "Category": "Real Estate"
    },
    {
      "id":"93", 
      "Category": "Recruitment "
    },
    {
      "id":"94", 
      "Category": "Retail"
    },
    {
      "id":"95", 
      "Category": "Security"
    },
    {
      "id":"96", 
      "Category": "Electronics"
    },
    {
      "id":"97", 
      "Category": "Shipping"
    },
    {
      "id":"98", 
      "Category": "Steel"
    },
    {
      "id":"99", 
      "Category": "Consultant"
    },
    {
      "id":"100", 
      "Category": "Telecom"
    },
    {
      "id":"92", 
      "Category": "Textiles"
    },
    {
      "id":"93", 
      "Category": "Tyres"
    },
    {
      "id":"94", 
      "Category": "Water Treatment"
    },
    {
      "id":"95", 
      "Category": "Fitness Trainer"
    },
    {
      "id":"96", 
      "Category": "Ecommerce"
    },
    {
      "id":"97", 
      "Category": "Internet"
    },
    {
      "id":"98", 
      "Category": "Design & MultiMedia"
    },
    {
      "id":"99", 
      "Category": "IT Industry"
    },
    {
      "id":"100", 
      "Category": "Marketing"
    },
    {
      "id":"101", 
      "Category": "BPO"
    },
    {
      "id":"102", 
      "Category": "Business Analyst"
    },
    {
      "id":"103", 
      "Category": "Counstruction"
    },
    {
      "id":"104", 
      "Category": "Bank"
    },
    {
      "id":"105", 
      "Category": "Industrial"
    }

]
