[
    {
        "id":"1",
        "Skill":" Networking"
    },
    {
        "id":"2",
        "Skill":" Software Testing"
    },
    {
        "id":"3",
        "Skill":" SAP abap"
    },
    {
        "id":"4",
        "Skill":" Call Center"
    },
    {
        "id":"5",
        "Skill":" Mainframe"
    },
    {
        "id":"6",
        "Skill":" SAP FICO"
    },
    {
        "id":"7",
        "Skill":" SAP"
    },
    {
        "id":"8",
        "Skill":" SEO"
    },
    {
        "id":"9",
        "Skill":" .NET"
    },
    {
        "id":"10",
        "Skill":" Oracle"
    },
    {
        "id":"11",
        "Skill":" PHP"
    },
    {
        "id":"12",
        "Skill":" Back office"
    },
    {
        "id":"13",
        "Skill":" Java"
    },
    {
        "id":"14",
        "Skill":" Online Marketing"
    },
    {
        "id":"15",
        "Skill":" SAP Basis"
    },
    {
        "id":"16",
        "Skill":" SAS"
    },
    {
        "id":"17",
        "Skill":" CISCO"
    },
    {
        "id":"18",
        "Skill":" Manual Testing"
    },
    {
        "id":"19",
        "Skill":" SAP HR"
    },
    {
        "id":"20",
        "Skill":" SAP MM"
    },
    {
        "id":"21",
        "Skill":" SAP SD"
    },
    {
        "id":"22",
        "Skill":" SAP Security"
    },
    {
        "id":"23",
        "Skill":" VLSI"
    },
    {
        "id":"24",
        "Skill":" Web Designing"
    },
    {
        "id":"25",
        "Skill":" CCIE"
    },
    {
        "id":"26",
        "Skill":" Informatica"
    },
    {
        "id":"27",
        "Skill":" Linux"
    },
    {
        "id":"28",
        "Skill":" PeopleSoft"
    },
    {
        "id":"29",
        "Skill":" Plc"
    },
    {
        "id":"30",
        "Skill":" SQL"
    },
    {
        "id":"31",
        "Skill":" ASP.NET"
    },
    {
        "id":"32",
        "Skill":" Datastage"
    },
    {
        "id":"33",
        "Skill":" Finacle"
    },
    {
        "id":"34",
        "Skill":" SAP CRM"
    },
    {
        "id":"35",
        "Skill":" Tally"
    },
    {
        "id":"36",
        "Skill":" Tibco"
    },
    {
        "id":"37",
        "Skill":" CATIA"
    },
    {
        "id":"38",
        "Skill":" Cognos"
    },
    {
        "id":"39",
        "Skill":" ITIL"
    },
    {
        "id":"40",
        "Skill":" Multimedia"
    },
    {
        "id":"41",
        "Skill":" Photoshop"
    },
    {
        "id":"42",
        "Skill":" PRO E"
    },
    {
        "id":"43",
        "Skill":" ABAP"
    },
    {
        "id":"44",
        "Skill":" Backend"
    },
    {
        "id":"45",
        "Skill":" C"
    },
    {
        "id":"46",
        "Skill":" DTP"
    },
    {
        "id":"47",
        "Skill":" ERP"
    },
    {
        "id":"48",
        "Skill":" Internet Marketing"
    },
    {
        "id":"49",
        "Skill":" Siebel"
    },
    {
        "id":"50",
        "Skill":" Video Editing"
    },
    {
        "id":"51",
        "Skill":" AbInitio"
    },
    {
        "id":"52",
        "Skill":" CAD/CAM"
    },
    {
        "id":"53",
        "Skill":" Digital Marketing"
    },
    {
        "id":"54",
        "Skill":" Editing"
    },
    {
        "id":"55",
        "Skill":" HTML"
    },
    {
        "id":"56",
        "Skill":" Oracle Apps"
    },
    {
        "id":"57",
        "Skill":" Perl"
    },
    {
        "id":"58",
        "Skill":" Python"
    },
    {
        "id":"59",
        "Skill":" SAP PP"
    },
    {
        "id":"60",
        "Skill":" SAP PS"
    },
    {
        "id":"61",
        "Skill":" SQL Server"
    },
    {
        "id":"62",
        "Skill":" Database"
    },
    {
        "id":"63",
        "Skill":" MCSE"
    },
    {
        "id":"64",
        "Skill":" PPC"
    },
    {
        "id":"65",
        "Skill":" QTP"
    },
    {
        "id":"66",
        "Skill":" SAP PM"
    },
    {
        "id":"67",
        "Skill":" Teradata"
    },
    {
        "id":"68",
        "Skill":" CRM"
    },
    {
        "id":"69",
        "Skill":" data warehousing"
    },
    {
        "id":"70",
        "Skill":" Excel"
    },
    {
        "id":"71",
        "Skill":" Flexcube"
    },
    {
        "id":"72",
        "Skill":" MATLAB"
    },
    {
        "id":"73",
        "Skill":" PowerBuilder"
    },
    {
        "id":"74",
        "Skill":" SAP BW"
    },
    {
        "id":"75",
        "Skill":" Solaris"
    },
    {
        "id":"76",
        "Skill":" AIX"
    },
    {
        "id":"77",
        "Skill":" ArchiCAD"
    },
    {
        "id":"78",
        "Skill":" Business Objects"
    },
    {
        "id":"79",
        "Skill":" Documentum"
    },
    {
        "id":"80",
        "Skill":" FACT"
    },
    {
        "id":"81",
        "Skill":" Flex"
    },
    {
        "id":"82",
        "Skill":" Hyperion"
    },
    {
        "id":"83",
        "Skill":" SCADA"
    },
    {
        "id":"84",
        "Skill":" UniGraphics"
    },
    {
        "id":"85",
        "Skill":" Unix"
    },
    {
        "id":"86",
        "Skill":" Vision Plus"
    },
    {
        "id":"87",
        "Skill":" VSAT"
    },
    {
        "id":"88",
        "Skill":" WebMethods"
    },
    {
        "id":"89",
        "Skill":" Auto CAD"
    },
    {
        "id":"90",
        "Skill":" Datawarehousing"
    },
    {
        "id":"91",
        "Skill":" Flash"
    },
    {
        "id":"92",
        "Skill":" Lotus Notes"
    },
    {
        "id":"93",
        "Skill":" Maximo"
    },
    {
        "id":"94",
        "Skill":" Primavera"
    },
    {
        "id":"95",
        "Skill":" SAP IS-Retail"
    },
    {
        "id":"96",
        "Skill":" Autosys"
    },
    {
        "id":"97",
        "Skill":" COBOL"
    },
    {
        "id":"98",
        "Skill":" ColdFusion"
    },
    {
        "id":"99",
        "Skill":" Maya"
    },
    {
        "id":"100",
        "Skill":" Programming"
    },
    {
        "id":"101",
        "Skill":" RIM"
    },
    {
        "id":"102",
        "Skill":" SAP MDM"
    },
    {
        "id":"103",
        "Skill":" XML"
    },
    {
        "id":"104",
        "Skill":" 3D Max"
    },
    {
        "id":"105",
        "Skill":" Automation Testing"
    },
    {
        "id":"106",
        "Skill":" BAAN"
    },
    {
        "id":"107",
        "Skill":" C#"
    },
    {
        "id":"108",
        "Skill":" Delphi"
    },
    {
        "id":"109",
        "Skill":" J2EE"
    },
    {
        "id":"110",
        "Skill":" MySQL"
    },
    {
        "id":"111",
        "Skill":" RedHat"
    },
    {
        "id":"112",
        "Skill":" SAP EP"
    },
    {
        "id":"113",
        "Skill":" SAP SRM"
    },
    {
        "id":"114",
        "Skill":" TPF"
    },
    {
        "id":"115",
        "Skill":" VB.NET"
    },
    {
        "id":"116",
        "Skill":" VOIP"
    },
    {
        "id":"117",
        "Skill":" WebLogic"
    },
    {
        "id":"118",
        "Skill":" WebSphere"
    },
    {
        "id":"119",
        "Skill":" Active Directory"
    },
    {
        "id":"120",
        "Skill":" Ansys"
    },
    {
        "id":"121",
        "Skill":" Data Analysis"
    },
    {
        "id":"122",
        "Skill":" Documentation"
    },
    {
        "id":"123",
        "Skill":" DSP"
    },
    {
        "id":"124",
        "Skill":" IMS"
    },
    {
        "id":"125",
        "Skill":" Remedy"
    },
    {
        "id":"126",
        "Skill":" SAP QM"
    },
    {
        "id":"127",
        "Skill":" SPSS"
    },
    {
        "id":"128",
        "Skill":" Sybase"
    },
    {
        "id":"129",
        "Skill":" TLM"
    },
    {
        "id":"130",
        "Skill":" ASIC"
    },
    {
        "id":"131",
        "Skill":" Blackberry"
    },
    {
        "id":"132",
        "Skill":" Corel Draw"
    },
    {
        "id":"133",
        "Skill":" CSS"
    },
    {
        "id":"134",
        "Skill":" DB2"
    },
    {
        "id":"135",
        "Skill":" Embedded C"
    },
    {
        "id":"136",
        "Skill":" FileNet"
    },
    {
        "id":"137",
        "Skill":" FoxPro"
    },
    {
        "id":"138",
        "Skill":" FPGA"
    },
    {
        "id":"139",
        "Skill":" J2ME"
    },
    {
        "id":"140",
        "Skill":" JavaScript"
    },
    {
        "id":"141",
        "Skill":" MCSA"
    },
    {
        "id":"142",
        "Skill":" Murex"
    },
    {
        "id":"143",
        "Skill":" SAP XI"
    },
    {
        "id":"144",
        "Skill":" WPF"
    },
    {
        "id":"145",
        "Skill":" Adobe Photoshop"
    },
    {
        "id":"146",
        "Skill":" DCA"
    },
    {
        "id":"147",
        "Skill":" Distribution"
    },
    {
        "id":"148",
        "Skill":" Jquery"
    },
    {
        "id":"149",
        "Skill":" Natural Adabas"
    },
    {
        "id":"150",
        "Skill":" ORCAD"
    },
    {
        "id":"151",
        "Skill":" Progress 4GL"
    },
    {
        "id":"152",
        "Skill":" SAP SCM"
    },
    {
        "id":"153",
        "Skill":" Silverlight"
    },
    {
        "id":"154",
        "Skill":" Switching"
    },
    {
        "id":"155",
        "Skill":" Android Development"
    },
    {
        "id":"156",
        "Skill":" ASP"
    },
    {
        "id":"157",
        "Skill":" Calypso"
    },
    {
        "id":"158",
        "Skill":" GSM"
    },
    {
        "id":"159",
        "Skill":" Load Runner"
    },
    {
        "id":"160",
        "Skill":" MCP"
    },
    {
        "id":"161",
        "Skill":" MicroStation"
    },
    {
        "id":"162",
        "Skill":" MSCIT"
    },
    {
        "id":"163",
        "Skill":" Savvion"
    },
    {
        "id":"164",
        "Skill":" Shell Scripting"
    },
    {
        "id":"165",
        "Skill":" Spring"
    },
    {
        "id":"166",
        "Skill":" Visual Basic"
    },
    {
        "id":"167",
        "Skill":" Affiliate Marketing"
    },
    {
        "id":"168",
        "Skill":" Eclipse"
    },
    {
        "id":"169",
        "Skill":" Focus"
    },
    {
        "id":"170",
        "Skill":" ForTran"
    },
    {
        "id":"171",
        "Skill":" HP UNIX"
    },
    {
        "id":"172",
        "Skill":" JSF"
    },
    {
        "id":"173",
        "Skill":" MFC"
    },
    {
        "id":"174",
        "Skill":" SAP IS-Utilities"
    },
    {
        "id":"175",
        "Skill":" Verilog"
    },
    {
        "id":"176",
        "Skill":" Visual Foxpro"
    },
    {
        "id":"177",
        "Skill":" WCF"
    },
    {
        "id":"178",
        "Skill":" Website Development"
    },
    {
        "id":"179",
        "Skill":" Dreamweaver"
    },
    {
        "id":"180",
        "Skill":" IIS"
    },
    {
        "id":"181",
        "Skill":" JSP"
    },
    {
        "id":"182",
        "Skill":" Microsoft Excel"
    },
    {
        "id":"183",
        "Skill":" Nortel"
    },
    {
        "id":"184",
        "Skill":" RDO"
    },
    {
        "id":"185",
        "Skill":" ActiveX"
    },
    {
        "id":"186",
        "Skill":" ADO"
    },
    {
        "id":"187",
        "Skill":" Adobe Illustrator"
    },
    {
        "id":"188",
        "Skill":" Adobe Pagemaker"
    },
    {
        "id":"189",
        "Skill":" AJAX"
    },
    {
        "id":"190",
        "Skill":" ALE"
    },
    {
        "id":"191",
        "Skill":" Ant"
    },
    {
        "id":"192",
        "Skill":" Apache Commons"
    },
    {
        "id":"193",
        "Skill":" Apache Tomcat"
    },
    {
        "id":"194",
        "Skill":" Apache Web Server"
    },
    {
        "id":"195",
        "Skill":" AS 400"
    },
    {
        "id":"196",
        "Skill":" Assembly Language"
    },
    {
        "id":"197",
        "Skill":" ATL"
    },
    {
        "id":"198",
        "Skill":" AutoLISP"
    },
    {
        "id":"199",
        "Skill":" AWT"
    },
    {
        "id":"200",
        "Skill":" BASIC"
    },
    {
        "id":"201",
        "Skill":" Bluetooth"
    },
    {
        "id":"202",
        "Skill":" BPCS"
    },
    {
        "id":"203",
        "Skill":" BPEL"
    },
    {
        "id":"204",
        "Skill":" BREW"
    },
    {
        "id":"205",
        "Skill":" C++"
    },
    {
        "id":"206",
        "Skill":" CDMA"
    },
    {
        "id":"207",
        "Skill":" Chordiant"
    },
    {
        "id":"208",
        "Skill":" CICS"
    },
    {
        "id":"209",
        "Skill":" CLDC"
    },
    {
        "id":"210",
        "Skill":" Clipper"
    },
    {
        "id":"211",
        "Skill":" COM/COM+/DCOM"
    },
    {
        "id":"212",
        "Skill":" CORBA"
    },
    {
        "id":"213",
        "Skill":" CoreJava"
    },
    {
        "id":"214",
        "Skill":" Crystal Report"
    },
    {
        "id":"215",
        "Skill":" Csharp"
    },
    {
        "id":"216",
        "Skill":" Data Structures"
    },
    {
        "id":"217",
        "Skill":" Database Administration"
    },
    {
        "id":"218",
        "Skill":" Db4o"
    },
    {
        "id":"219",
        "Skill":" dBase"
    },
    {
        "id":"220",
        "Skill":" DCOM"
    },
    {
        "id":"221",
        "Skill":" Derby"
    },
    {
        "id":"222",
        "Skill":" Developer/D2K"
    },
    {
        "id":"223",
        "Skill":" DHCP"
    },
    {
        "id":"224",
        "Skill":" DHTML"
    },
    {
        "id":"225",
        "Skill":" DNS"
    },
    {
        "id":"226",
        "Skill":" DOS"
    },
    {
        "id":"227",
        "Skill":" Downstream"
    },
    {
        "id":"228",
        "Skill":" EJB"
    },
    {
        "id":"229",
        "Skill":" Ethernet"
    },
    {
        "id":"230",
        "Skill":" Expeditor"
    },
    {
        "id":"231",
        "Skill":" Finone"
    },
    {
        "id":"232",
        "Skill":" Firewall"
    },
    {
        "id":"233",
        "Skill":" Fireworks"
    },
    {
        "id":"234",
        "Skill":" FlashLite"
    },
    {
        "id":"235",
        "Skill":" FreeBSD"
    },
    {
        "id":"236",
        "Skill":" FTP"
    },
    {
        "id":"237",
        "Skill":" GLOSS"
    },
    {
        "id":"238",
        "Skill":" Hibernate"
    },
    {
        "id":"239",
        "Skill":" Humming Bird"
    },
    {
        "id":"240",
        "Skill":" iBatis"
    },
    {
        "id":"241",
        "Skill":" Ideas"
    },
    {
        "id":"242",
        "Skill":" ImageReady"
    },
    {
        "id":"243",
        "Skill":" Impromptu"
    },
    {
        "id":"244",
        "Skill":" Informix"
    },
    {
        "id":"245",
        "Skill":" Ingres"
    },
    {
        "id":"246",
        "Skill":" Installshield"
    },
    {
        "id":"247",
        "Skill":" ISDN"
    },
    {
        "id":"248",
        "Skill":" J++"
    },
    {
        "id":"249",
        "Skill":" J2SE"
    },
    {
        "id":"250",
        "Skill":" Java2D"
    },
    {
        "id":"251",
        "Skill":" JavaCard"
    },
    {
        "id":"252",
        "Skill":" JavaFX"
    },
    {
        "id":"253",
        "Skill":" JavaSE"
    },
    {
        "id":"254",
        "Skill":" JBoss"
    },
    {
        "id":"255",
        "Skill":" JBoss Seam"
    },
    {
        "id":"256",
        "Skill":" JCL"
    },
    {
        "id":"257",
        "Skill":" JDBC"
    },
    {
        "id":"258",
        "Skill":" JDOM"
    },
    {
        "id":"259",
        "Skill":" JFace"
    },
    {
        "id":"260",
        "Skill":" Jini"
    },
    {
        "id":"261",
        "Skill":" JIRA"
    },
    {
        "id":"262",
        "Skill":" JMock"
    },
    {
        "id":"263",
        "Skill":" JMS"
    },
    {
        "id":"264",
        "Skill":" JNI"
    },
    {
        "id":"265",
        "Skill":" JPA"
    },
    {
        "id":"266",
        "Skill":" JSE"
    },
    {
        "id":"267",
        "Skill":" JUnit"
    },
    {
        "id":"268",
        "Skill":" Kickboxing"
    },
    {
        "id":"269",
        "Skill":" KSH"
    },
    {
        "id":"270",
        "Skill":" LAN"
    },
    {
        "id":"271",
        "Skill":" LINQ"
    },
    {
        "id":"272",
        "Skill":" Log4j"
    },
    {
        "id":"273",
        "Skill":" Mac OS"
    },
    {
        "id":"274",
        "Skill":" Maven"
    },
    {
        "id":"275",
        "Skill":" Microcontrollers"
    },
    {
        "id":"276",
        "Skill":" Microprocessors"
    },
    {
        "id":"277",
        "Skill":" Microsoft Access"
    },
    {
        "id":"278",
        "Skill":" Microsoft Exchange"
    },
    {
        "id":"279",
        "Skill":" Microsoft Office"
    },
    {
        "id":"280",
        "Skill":" MIDP"
    },
    {
        "id":"281",
        "Skill":" MIS Reports"
    },
    {
        "id":"282",
        "Skill":" MOSS"
    },
    {
        "id":"283",
        "Skill":" Motif"
    },
    {
        "id":"284",
        "Skill":" MS DOS"
    },
    {
        "id":"285",
        "Skill":" MS Project"
    },
    {
        "id":"286",
        "Skill":" MS SQL Server"
    },
    {
        "id":"287",
        "Skill":" MS Visio"
    },
    {
        "id":"288",
        "Skill":" Multithreading"
    },
    {
        "id":"289",
        "Skill":" MVS"
    },
    {
        "id":"290",
        "Skill":" NetWeaver"
    },
    {
        "id":"291",
        "Skill":" Novell"
    },
    {
        "id":"292",
        "Skill":" ODBC"
    },
    {
        "id":"293",
        "Skill":" Office Operations"
    },
    {
        "id":"294",
        "Skill":" OOPS"
    },
    {
        "id":"295",
        "Skill":" OpenGL ES"
    },
    {
        "id":"296",
        "Skill":" Operating Systems"
    },
    {
        "id":"297",
        "Skill":" Oracle WareHouse Builder"
    },
    {
        "id":"298",
        "Skill":" PASCAL"
    },
    {
        "id":"299",
        "Skill":" PL/SQL"
    },
    {
        "id":"300",
        "Skill":" PL/1"
    },
    {
        "id":"301",
        "Skill":" PostgreSQL"
    },
    {
        "id":"302",
        "Skill":" PowerPlay"
    },
    {
        "id":"303",
        "Skill":" Pro*C"
    },
    {
        "id":"304",
        "Skill":" PVCS"
    },
    {
        "id":"305",
        "Skill":" QBasic"
    },
    {
        "id":"306",
        "Skill":" Quality Assurance/QA"
    },
    {
        "id":"307",
        "Skill":" Remoting"
    },
    {
        "id":"308",
        "Skill":" REXX"
    },
    {
        "id":"309",
        "Skill":" RichFaces"
    },
    {
        "id":"310",
        "Skill":" RMI"
    },
    {
        "id":"311",
        "Skill":" Routing"
    },
    {
        "id":"312",
        "Skill":" RTOS"
    },
    {
        "id":"313",
        "Skill":" S60"
    },
    {
        "id":"314",
        "Skill":" SAP Bl"
    },
    {
        "id":"315",
        "Skill":" SAP COPA"
    },
    {
        "id":"316",
        "Skill":" SAP idocs"
    },
    {
        "id":"317",
        "Skill":" SAP IS-GAS/OIL"
    },
    {
        "id":"318",
        "Skill":" SAP Practice"
    },
    {
        "id":"319",
        "Skill":" SAP SEM"
    },
    {
        "id":"320",
        "Skill":" SAP WMS"
    },
    {
        "id":"321",
        "Skill":" Seam"
    },
    {
        "id":"322",
        "Skill":" Sharepoint Server"
    },
    {
        "id":"323",
        "Skill":" SMARTY"
    },
    {
        "id":"324",
        "Skill":" SMTP"
    },
    {
        "id":"325",
        "Skill":" SoundForge"
    },
    {
        "id":"326",
        "Skill":" STAAD"
    },
    {
        "id":"327",
        "Skill":" Struts"
    },
    {
        "id":"328",
        "Skill":" SunOS"
    },
    {
        "id":"329",
        "Skill":" SWT"
    },
    {
        "id":"330",
        "Skill":" Symbian C++"
    },
    {
        "id":"331",
        "Skill":" Symbian"
    },
    {
        "id":"332",
        "Skill":" SyncML"
    },
    {
        "id":"333",
        "Skill":" T SQL"
    },
    {
        "id":"334",
        "Skill":" TCP/IP"
    },
    {
        "id":"335",
        "Skill":" TELNET"
    },
    {
        "id":"336",
        "Skill":" TOAD"
    },
    {
        "id":"337",
        "Skill":" Turbo Pascal"
    },
    {
        "id":"338",
        "Skill":" Tuxedo"
    },
    {
        "id":"339",
        "Skill":" UIQ"
    },
    {
        "id":"340",
        "Skill":" UML"
    },
    {
        "id":"341",
        "Skill":" Upstream"
    },
    {
        "id":"342",
        "Skill":" VBScript"
    },
    {
        "id":"343",
        "Skill":" Vi"
    },
    {
        "id":"344",
        "Skill":" Vignette"
    },
    {
        "id":"345",
        "Skill":" Visual C++"
    },
    {
        "id":"346",
        "Skill":" Visual Interdev"
    },
    {
        "id":"347",
        "Skill":" VMS"
    },
    {
        "id":"348",
        "Skill":" VPN"
    },
    {
        "id":"349",
        "Skill":" VSS/Clearcase"
    },
    {
        "id":"350",
        "Skill":" VxWorks"
    },
    {
        "id":"351",
        "Skill":" WAN"
    },
    {
        "id":"352",
        "Skill":" WAP"
    },
    {
        "id":"353",
        "Skill":" Winform"
    },
    {
        "id":"354",
        "Skill":" Winrunner"
    },
    {
        "id":"355",
        "Skill":" WML"
    },
    {
        "id":"356",
        "Skill":" XDoclet"
    },
    {
        "id":"357",
        "Skill":" Xenix"
    },
    {
        "id":"358",
        "Skill":" XHTML"
    },
    {
        "id":"359",
        "Skill":" XStream"
    },
    {
        "id":"360",
        "Skill":" Yantra"
    },
    {
        "id":"361",
        "Skill":" Designing"
    },
    {
        "id":"362",
        "Skill":" SMO"
    },
    {
        "id":"363",
        "Skill":" VAX/VMS"
    },
    {
        "id":"364",
        "Skill":" TCL/TK"
    },
    {
        "id":"365",
        "Skill":" Back office Operations"
    },
    {
        "id":"366",
        "Skill":" OS/2"
    },
    {
        "id":"367",
        "Skill":" SAP BI"
    },
    {
        "id":"368",
        "Skill":" Sharepoint MOSS"
    },
    {
        "id":"369",
        "Skill":"Banking"
    },
    {
        "id":"370",
        "Skill":"Biotechnology"
    },
    {
        "id":"371",
        "Skill":"Teaching"
    },
    {
        "id":"372",
        "Skill":"Finance"
    },
    {
        "id":"373",
        "Skill":"Marketing"
    },
    {
        "id":"374",
        "Skill":"Nursing"
    },
    {
        "id":"375",
        "Skill":"Animation"
    },
    {
        "id":"376",
        "Skill":"Accounting"
    },
    {
        "id":"377",
        "Skill":"Accounts"
    },
    {
        "id":"378",
        "Skill":"Graphic Design"
    },
    {
        "id":"379",
        "Skill":"HVAC"
    },
    {
        "id":"380",
        "Skill":"Administration"
    },
    {
        "id":"381",
        "Skill":"Journalism"
    },
    {
        "id":"382",
        "Skill":"Sales"
    },
    {
        "id":"383",
        "Skill":"Writing"
    },
    {
        "id":"384",
        "Skill":"Manufacturing"
    },
    {
        "id":"385",
        "Skill":"Photography"
    },
    {
        "id":"386",
        "Skill":"Advertising"
    },
    {
        "id":"387",
        "Skill":"Income Tax"
    },
    {
        "id":"388",
        "Skill":"Interior Design"
    },
    {
        "id":"389",
        "Skill":"Architecture"
    },
    {
        "id":"390",
        "Skill":"Education"
    },
    {
        "id":"391",
        "Skill":"Supply Chain"
    },
    {
        "id":"392",
        "Skill":"Corporate Finance"
    },
    {
        "id":"393",
        "Skill":"Design"
    },
    {
        "id":"394",
        "Skill":"Yoga"
    },
    {
        "id":"395",
        "Skill":"Acting"
    },
    {
        "id":"396",
        "Skill":"Copywriting"
    },
    {
        "id":"397",
        "Skill":"Jewellery"
    },
    {
        "id":"398",
        "Skill":"Recruitment"
    },
    {
        "id":"399",
        "Skill":"Visual Merchandising"
    },
    {
        "id":"400",
        "Skill":"Music"
    },
    {
        "id":"401",
        "Skill":"Training"
    },
    {
        "id":"402",
        "Skill":"Entertainment"
    },
    {
        "id":"403",
        "Skill":"Telemarketing"
    },
    {
        "id":"404",
        "Skill":"Weaving"
    },
    {
        "id":"405",
        "Skill":"Art"
    },
    {
        "id":"406",
        "Skill":"Counselling"
    },
    {
        "id":"407",
        "Skill":"Film Editing"
    },
    {
        "id":"408",
        "Skill":"Hiring"
    },
    {
        "id":"409",
        "Skill":"Human Resource Management"
    },
    {
        "id":"410",
        "Skill":"Knowledge Management"
    },
    {
        "id":"411",
        "Skill":"Landscape Architecture"
    },
    {
        "id":"412",
        "Skill":"Plumbing"
    },
    {
        "id":"413",
        "Skill":"Taxation"
    },
    {
        "id":"414",
        "Skill":"Waste Management"
    },
    {
        "id":"415",
        "Skill":"Astrology"
    },
    {
        "id":"416",
        "Skill":"Baking"
    },
    {
        "id":"417",
        "Skill":"Bookkeeping"
    },
    {
        "id":"418",
        "Skill":"Illustration"
    },
    {
        "id":"419",
        "Skill":"Lighting"
    },
    {
        "id":"420",
        "Skill":"Office Administration"
    },
    {
        "id":"421",
        "Skill":"Sales Tax"
    },
    {
        "id":"422",
        "Skill":"Cost Accounting"
    },
    {
        "id":"423",
        "Skill":"Email Marketing"
    },
    {
        "id":"424",
        "Skill":"Talent Acquisition"
    },
    {
        "id":"425",
        "Skill":"Textile Designing"
    },
    {
        "id":"426",
        "Skill":"Cooking"
    },
    {
        "id":"427",
        "Skill":"Dance"
    },
    {
        "id":"428",
        "Skill":"Screen Printing"
    },
    {
        "id":"429",
        "Skill":"Coaching"
    },
    {
        "id":"430",
        "Skill":"IT Recruitment"
    },
    {
        "id":"431",
        "Skill":"Vendor Management"
    },
    {
        "id":"432",
        "Skill":"Analysis"
    },
    {
        "id":"433",
        "Skill":"Banking Insurance"
    },
    {
        "id":"434",
        "Skill":"Office Management"
    },
    {
        "id":"435",
        "Skill":"Accounts Management"
    },
    {
        "id":"436",
        "Skill":"Advertisement Sales"
    },
    {
        "id":"437",
        "Skill":"Advertising Account Management"
    },
    {
        "id":"438",
        "Skill":"Advertising Art Direction"
    },
    {
        "id":"439",
        "Skill":"Advisory"
    },
    {
        "id":"440",
        "Skill":"Aquisitions"
    },
    {
        "id":"441",
        "Skill":"Art Therapy"
    },
    {
        "id":"442",
        "Skill":"Authoring"
    },
    {
        "id":"443",
        "Skill":"Body Art"
    },
    {
        "id":"444",
        "Skill":"Bookbinding"
    },
    {
        "id":"445",
        "Skill":"Busines Analysis"
    },
    {
        "id":"446",
        "Skill":"Buying"
    },
    {
        "id":"447",
        "Skill":"Channel Account Management"
    },
    {
        "id":"448",
        "Skill":"Chartered Accountancy"
    },
    {
        "id":"449",
        "Skill":"Cloth Design"
    },
    {
        "id":"450",
        "Skill":"Company Laws"
    },
    {
        "id":"451",
        "Skill":"Composing"
    },
    {
        "id":"452",
        "Skill":"Curating"
    },
    {
        "id":"453",
        "Skill":"Customer Relations"
    },
    {
        "id":"454",
        "Skill":"Document Administration"
    },
    {
        "id":"455",
        "Skill":"Electrical Distribution"
    },
    {
        "id":"456",
        "Skill":"Floristry"
    },
    {
        "id":"457",
        "Skill":"Guest Service"
    },
    {
        "id":"458",
        "Skill":"Hairdressing"
    },
    {
        "id":"459",
        "Skill":"Headhunting"
    },
    {
        "id":"460",
        "Skill":"Image Consulting"
    },
    {
        "id":"461",
        "Skill":"Industrial Designing"
    },
    {
        "id":"462",
        "Skill":"Key Accounts Management"
    },
    {
        "id":"463",
        "Skill":"Landscape Gardening"
    },
    {
        "id":"464",
        "Skill":"Make up Art"
    },
    {
        "id":"465",
        "Skill":"Map Making"
    },
    {
        "id":"466",
        "Skill":"Mathematical"
    },
    {
        "id":"467",
        "Skill":"Merchandise"
    },
    {
        "id":"468",
        "Skill":"Mergers"
    },
    {
        "id":"469",
        "Skill":"Motivating Skill"
    },
    {
        "id":"470",
        "Skill":"Negotiating Skill"
    },
    {
        "id":"471",
        "Skill":"Personal Services"
    },
    {
        "id":"472",
        "Skill":"Planning and Organising"
    },
    {
        "id":"473",
        "Skill":"Private Tutoring"
    },
    {
        "id":"474",
        "Skill":"Producing"
    },
    {
        "id":"475",
        "Skill":"Record Producing"
    },
    {
        "id":"476",
        "Skill":"Sales Accounting"
    },
    {
        "id":"477",
        "Skill":"Sales Planning"
    },
    {
        "id":"478",
        "Skill":"Store planning"
    },
    {
        "id":"479",
        "Skill":"Supervising"
    },
    {
        "id":"480",
        "Skill":"Tax Audits"
    },
    {
        "id":"481",
        "Skill":"Tax Laws"
    },
    {
        "id":"482",
        "Skill":"Instructing"
    },
    {
        "id":"483",
        "Skill":"Telling"
    },
    {
        "id":"484",
        "Skill":"Therapy"
    },
    {
        "id":"485",
        "Skill":"Trade Execution"
    },
    {
        "id":"486",
        "Skill":"Upholstery"
    },
    {
        "id":"487",
        "Skill":"Vehicle Operating"
    },
    {
        "id":"488",
        "Skill":"Visa Expat Management"
    },
    {
        "id":"489",
        "Skill":"Wine making"
    },
    {
        "id":"490",
        "Skill":"ReactJS"
    },
    {
        "id":"491",
        "Skill":"Redux"
    },{
        "id":"450",
        "Skill":"Node JS"
    }
]